<?xml version="1.0" encoding="UTF-8"?>
<project-private xmlns="http://www.netbeans.org/ns/project-private/1">
    <editor-bookmarks xmlns="http://www.netbeans.org/ns/editor-bookmarks/2" lastBookmarkId="0"/>
    <open-files xmlns="http://www.netbeans.org/ns/projectui-open-files/2">
        <group>
            <file>file:/D:/Programming/Java/StrategryDesignPattern/src/strategrydesignpattern/CreditCardStrategy.java</file>
            <file>file:/D:/Programming/Java/StrategryDesignPattern/src/strategrydesignpattern/PaypalStrategy.java</file>
            <file>file:/D:/Programming/Java/StrategryDesignPattern/src/strategrydesignpattern/ShoppingCart.java</file>
            <file>file:/D:/Programming/Java/StrategryDesignPattern/src/strategrydesignpattern/Item.java</file>
            <file>file:/D:/Programming/Java/StrategryDesignPattern/src/strategrydesignpattern/PaymentStrategy.java</file>
            <file>file:/D:/Programming/Java/StrategryDesignPattern/src/strategrydesignpattern/StrategryDesignPattern.java</file>
        </group>
    </open-files>
</project-private>
