<?xml version="1.0" encoding="UTF-8"?>
<project-private xmlns="http://www.netbeans.org/ns/project-private/1">
    <editor-bookmarks xmlns="http://www.netbeans.org/ns/editor-bookmarks/2" lastBookmarkId="0"/>
    <open-files xmlns="http://www.netbeans.org/ns/projectui-open-files/2">
        <group>
            <file>file:/D:/Programming/Java/AdapterDesignPattern/src/adapterdesignpattern/Volt.java</file>
            <file>file:/D:/Programming/Java/AdapterDesignPattern/src/adapterdesignpattern/Socket.java</file>
            <file>file:/D:/Programming/Java/AdapterDesignPattern/src/adapterdesignpattern/SocketObjectAdapterImplement.java</file>
            <file>file:/D:/Programming/Java/AdapterDesignPattern/src/adapterdesignpattern/SocketClassAdapterImplement.java</file>
            <file>file:/D:/Programming/Java/AdapterDesignPattern/src/adapterdesignpattern/AdapterDesignPattern.java</file>
            <file>file:/D:/Programming/Java/AdapterDesignPattern/src/adapterdesignpattern/SocketAdapter.java</file>
        </group>
    </open-files>
</project-private>
