<?xml version="1.0" encoding="UTF-8"?>
<project-private xmlns="http://www.netbeans.org/ns/project-private/1">
    <editor-bookmarks xmlns="http://www.netbeans.org/ns/editor-bookmarks/2" lastBookmarkId="0"/>
    <open-files xmlns="http://www.netbeans.org/ns/projectui-open-files/2">
        <group>
            <file>file:/D:/Programming/Java/FactoryDesignPatter/src/factorydesignpatter/ComputerFactory.java</file>
            <file>file:/D:/Programming/Java/FactoryDesignPatter/src/factorydesignpatter/Computer.java</file>
            <file>file:/D:/Programming/Java/FactoryDesignPatter/src/factorydesignpatter/FactoryDesignPatter.java</file>
            <file>file:/D:/Programming/Java/FactoryDesignPatter/src/factorydesignpatter/PC.java</file>
            <file>file:/D:/Programming/Java/FactoryDesignPatter/src/factorydesignpatter/Server.java</file>
        </group>
    </open-files>
</project-private>
