<?xml version="1.0" encoding="UTF-8"?>
<project-private xmlns="http://www.netbeans.org/ns/project-private/1">
    <editor-bookmarks xmlns="http://www.netbeans.org/ns/editor-bookmarks/2" lastBookmarkId="0"/>
    <open-files xmlns="http://www.netbeans.org/ns/projectui-open-files/2">
        <group>
            <file>file:/D:/Programming/Java/BridgeDesignPattern/src/bridgedesignpattern/BridgeDesignPattern.java</file>
            <file>file:/D:/Programming/Java/BridgeDesignPattern/src/bridgedesignpattern/Color.java</file>
            <file>file:/D:/Programming/Java/BridgeDesignPattern/src/bridgedesignpattern/Shape.java</file>
            <file>file:/D:/Programming/Java/BridgeDesignPattern/src/bridgedesignpattern/GreenColor.java</file>
            <file>file:/D:/Programming/Java/BridgeDesignPattern/src/bridgedesignpattern/Triangle.java</file>
            <file>file:/D:/Programming/Java/BridgeDesignPattern/src/bridgedesignpattern/Pentagon.java</file>
            <file>file:/D:/Programming/Java/BridgeDesignPattern/src/bridgedesignpattern/RedColor.java</file>
        </group>
    </open-files>
</project-private>
